name,source_url,folder,image_file,ingredient_count,instruction_count,rating_value,rating_count,image_error
Chicken Katsu Bowls,https://simply-delicious-food.com/easy-chicken-katsu-bowls-curry-mayo/?utm_source=Pinterest&utm_medium=organic#recipe,scraped_recipes\chicken-katsu-bowls-b2b85969,scraped_recipes\chicken-katsu-bowls-b2b85969\image.webp,16,8,4.84,6,
One Pan Chicken and Potatoes for Effortless Cooking Fun,https://www.recipesbycamille.com/one-pan-chicken-and-potatoes/,scraped_recipes\one-pan-chicken-and-potatoes-for-effortless-cooking-fun-baf8b1b2,scraped_recipes\one-pan-chicken-and-potatoes-for-effortless-cooking-fun-baf8b1b2\image.webp,12,8,,,
Crispy Potato Salad,https://gimmedelicious.com/crispy-potato-salad/#wprm-recipe-container-30205,scraped_recipes\crispy-potato-salad-3f2404dc,scraped_recipes\crispy-potato-salad-3f2404dc\image.jpg,11,7,5,2,
"Easy Thai Red Curry Chicken {One Pot, 30-Minute Meal}",https://thatsdeelicious.com/easy-thai-red-curry-chicken/?utm_source=Pinterest&utm_medium=organic,scraped_recipes\easy-thai-red-curry-chicken-one-pot-30-minute-meal-981d120f,scraped_recipes\easy-thai-red-curry-chicken-one-pot-30-minute-meal-981d120f\image.jpg,15,7,4.79,137,
Ground Beef Orzo with Tomato Cream Sauce,https://www.saltandlavender.com/ground-beef-orzo/?utm_source=Pinterest&utm_medium=organic,scraped_recipes\ground-beef-orzo-with-tomato-cream-sauce-75061824,scraped_recipes\ground-beef-orzo-with-tomato-cream-sauce-75061824\image.jpg,13,5,4.93,222,
Garlic Sesame Noodles,https://eatwithclarity.com/garlic-sesame-noodles/?utm_source=Pinterest&utm_medium=organic,scraped_recipes\garlic-sesame-noodles-d98e31fb,scraped_recipes\garlic-sesame-noodles-d98e31fb\image.jpg,11,9,5,130,
"One-Pan ""Marry Me"" Chicken Orzo",https://kalejunkie.com/one-pan-marry-me-chicken-orzo/?utm_source=Pinterest&utm_medium=organic,scraped_recipes\one-pan-marry-me-chicken-orzo-3c6b6bb7,scraped_recipes\one-pan-marry-me-chicken-orzo-3c6b6bb7\image.webp,13,9,4.77,138,
Creamy Chicken Pesto Pasta,https://www.yellowblissroad.com/creamy-chicken-pesto-pasta/?utm_source=Pinterest&utm_medium=organic,scraped_recipes\creamy-chicken-pesto-pasta-f027e549,scraped_recipes\creamy-chicken-pesto-pasta-f027e549\image.jpg,15,6,4.66,212,
Famous La Scala Chopped Salad Recipe,https://whatmollymade.com/la-scala-chopped-salad/?utm_source=Pinterest&utm_medium=organic#wprm-recipe-container-44272,scraped_recipes\famous-la-scala-chopped-salad-recipe-60ddf36d,scraped_recipes\famous-la-scala-chopped-salad-recipe-60ddf36d\image.jpg,11,3,4.89,61,
Peach Caprese Salad,https://www.platingsandpairings.com/peach-caprese-salad/?utm_source=Pinterest&utm_medium=organic,scraped_recipes\peach-caprese-salad-d9840b07,scraped_recipes\peach-caprese-salad-d9840b07\image.jpg,9,4,5,4,
Brussel Sprouts with Balsamic Reduction,https://www.platingsandpairings.com/roasted-brussels-sprouts-balsamic/?utm_source=Pinterest&utm_medium=organic,scraped_recipes\brussel-sprouts-with-balsamic-reduction-9491d770,scraped_recipes\brussel-sprouts-with-balsamic-reduction-9491d770\image.jpg,5,4,5,27,
Creamy Green Goddess Broccoli Soup,https://upbeetanisha.com/creamy-green-goddess-broccoli-soup/?utm_source=Pinterest&utm_medium=organic,scraped_recipes\creamy-green-goddess-broccoli-soup-f21cf992,scraped_recipes\creamy-green-goddess-broccoli-soup-f21cf992\image.jpg,14,3,,,
Vegan Chickpea Cauliflower Curry,https://theyummybowl.com/chickpea-and-cauliflower-coconut-curry-vegan/?pp=1&utm_source=Pinterest&utm_medium=organic,scraped_recipes\vegan-chickpea-cauliflower-curry-c153662d,scraped_recipes\vegan-chickpea-cauliflower-curry-c153662d\image.jpg,17,7,5,20,
Mediterranean Lentil Salad,https://wholeandheavenlyoven.com/2023/01/12/mediterranean-lentil-salad/?utm_source=Pinterest&utm_medium=organic,scraped_recipes\mediterranean-lentil-salad-3824ecc0,scraped_recipes\mediterranean-lentil-salad-3824ecc0\image.webp,17,7,4.38,8,
Mediterranean Rice Salad,https://hungryhealthyhappy.com/mediterranean-rice-salad/?utm_source=Pinterest&utm_medium=organic,scraped_recipes\mediterranean-rice-salad-bbbc9ed7,scraped_recipes\mediterranean-rice-salad-bbbc9ed7\image.jpg,19,6,5,13,
Vegan Butter Bean Curry,https://vegancocotte.com/vegan-butter-bean-curry/?utm_source=Pinterest&utm_medium=organic&utm_campaign=grow-social-pro,scraped_recipes\vegan-butter-bean-curry-a2484ed5,scraped_recipes\vegan-butter-bean-curry-a2484ed5\image.jpg,14,4,4.5,31,
Roasted Butternut Squash Soup,https://www.aheadofthyme.com/2015/12/roasted-butternut-squash-soup/?utm_source=Pinterest&utm_medium=organic,scraped_recipes\roasted-butternut-squash-soup-e0050f4e,scraped_recipes\roasted-butternut-squash-soup-e0050f4e\image.jpg,12,8,4.9,74,
White Bean Sun-Dried Tomato Gnocchi,https://lifecurrentsblog.com/white-bean-sun-dried-tomato-gnocchi/?utm_source=Pinterest&utm_medium=organic,scraped_recipes\white-bean-sun-dried-tomato-gnocchi-3710b669,scraped_recipes\white-bean-sun-dried-tomato-gnocchi-3710b669\image.jpg,10,3,5,27,
California Sushi Bowls,https://simplyhomecooked.com/california-roll-sushi-bowls/?utm_source=Pinterest&utm_medium=organic,scraped_recipes\california-sushi-bowls-68fb2c0f,scraped_recipes\california-sushi-bowls-68fb2c0f\image.jpg,12,6,5,31,
Creamy Tuscan Orzo,https://shortgirltallorder.com/vegan-tuscan-orzo?utm_source=Pinterest&utm_medium=organic,scraped_recipes\creamy-tuscan-orzo-41961de5,scraped_recipes\creamy-tuscan-orzo-41961de5\image.webp,15,8,4.85,26,
Healthy Veggie Pasta Sauce (Vegan),https://goodfoodbaddie.com/healthy-veggie-pasta-sauce-vegan/?utm_source=Pinterest&utm_medium=organic,scraped_recipes\healthy-veggie-pasta-sauce-vegan-41ba03ad,scraped_recipes\healthy-veggie-pasta-sauce-vegan-41ba03ad\image.jpg,20,10,5,7,
Coconut Chickpea Curry,https://realandvibrant.com/coconut-chickpea-curry/?utm_source=Pinterest&utm_medium=organic,scraped_recipes\coconut-chickpea-curry-3d49bd8c,scraped_recipes\coconut-chickpea-curry-3d49bd8c\image.jpg,16,5,4.95,143,
Creamy Roasted Butternut Squash Orzo,https://vikalinka.com/orzo-pasta-roasted-butternut-squash/?utm_source=Pinterest&utm_medium=organic,scraped_recipes\creamy-roasted-butternut-squash-orzo-381175d6,scraped_recipes\creamy-roasted-butternut-squash-orzo-381175d6\image.jpg,10,3,5,24,
Pumpkin Risotto Recipe,https://www.platingsandpairings.com/pumpkin-risotto-with-goat-cheese-dried-cranberries/?utm_source=Pinterest&utm_medium=organic,scraped_recipes\pumpkin-risotto-recipe-85543fb6,scraped_recipes\pumpkin-risotto-recipe-85543fb6\image.jpg,14,4,4.97,120,
How To Make An Authentic Cacio e Pepe Like A Roman,https://pinabresciani.com/authentic-cacio-e-pepe-recipe/?utm_source=Pinterest&utm_medium=organic,scraped_recipes\how-to-make-an-authentic-cacio-e-pepe-like-a-roman-06227e8a,scraped_recipes\how-to-make-an-authentic-cacio-e-pepe-like-a-roman-06227e8a\image.webp,4,11,4.72,98,
Chicken Yakisoba,https://www.cookingclassy.com/chicken-yakisoba/?utm_source=Pinterest&utm_medium=organic,scraped_recipes\chicken-yakisoba-495eaa36,scraped_recipes\chicken-yakisoba-495eaa36\image.jpg,19,7,4.87,15,
Shakshuka Recipe (Easy & Traditional),https://downshiftology.com/recipes/shakshuka/?utm_source=Pinterest&utm_medium=organic,scraped_recipes\shakshuka-recipe-easy-traditional-a19510df,scraped_recipes\shakshuka-recipe-easy-traditional-a19510df\image.webp,12,5,4.94,530,
📋Creamy Butternut Squash Mac and Cheese,https://www.currytrail.in/butternut-squash-mac-and-cheese/?utm_source=Pinterest&utm_medium=organic,scraped_recipes\creamy-butternut-squash-mac-and-cheese-4cc019c2,scraped_recipes\creamy-butternut-squash-mac-and-cheese-4cc019c2\image.jpg,11,24,4.83,23,
Classic Lasagna Recipe,https://iwashyoudry.com/classic-lasagna-recipe/?utm_source=Pinterest&utm_medium=organic,scraped_recipes\classic-lasagna-recipe-111676cc,scraped_recipes\classic-lasagna-recipe-111676cc\image.webp,12,5,4.93,14,
Bibimbap,https://www.loveandlemons.com/bibimbap-recipe/?utm_source=Pinterest&utm_medium=organic,scraped_recipes\bibimbap-ea26cf88,scraped_recipes\bibimbap-ea26cf88\image.jpg,15,4,5,52,
Sweet Potato & Black Bean Quesadilla,https://realhousemoms.com/sweet-potato-black-bean-quesadilla/?utm_source=Pinterest&utm_medium=organic,scraped_recipes\sweet-potato-black-bean-quesadilla-e70f5438,scraped_recipes\sweet-potato-black-bean-quesadilla-e70f5438\image.jpg,10,11,4.73,11,
Tomato Pie Recipe (Southern Style),https://houseofnasheats.com/southern-tomato-pie/?utm_source=Pinterest&utm_medium=organic,scraped_recipes\tomato-pie-recipe-southern-style-04588239,scraped_recipes\tomato-pie-recipe-southern-style-04588239\image.jpg,10,5,4.83,207,
Vegetarian Quesadillas,https://erhardtseat.com/vegetarian-quesadillas/,scraped_recipes\vegetarian-quesadillas-62af2e4a,scraped_recipes\vegetarian-quesadillas-62af2e4a\image.webp,16,6,4.93,67,
Mozzarella Sandwich Recipe,https://feelgoodfoodie.net/recipe/grilled-mozzarella-sandwich-walnut-pesto/?utm_source=Pinterest&utm_medium=organic,scraped_recipes\mozzarella-sandwich-recipe-54306305,scraped_recipes\mozzarella-sandwich-recipe-54306305\image.jpg,10,4,5,929,
Black Bean and Cheese Quesadillas,https://www.thediaryofarealhousewife.com/black-bean-and-cheese-quesadillas/?utm_source=Pinterest&utm_medium=organic,scraped_recipes\black-bean-and-cheese-quesadillas-19f1cee4,scraped_recipes\black-bean-and-cheese-quesadillas-19f1cee4\image.jpg,6,3,5,8,
Harvest Cobb Salad with a Honey Apple Cider Vinaigrette,https://therecipecritic.com/harvest-cobb-chicken-salad-honey-apple-cider-vinaigrette/?utm_source=Pinterest&utm_medium=organic,scraped_recipes\harvest-cobb-salad-with-a-honey-apple-cider-vinaigrette-dcb7b3b1,scraped_recipes\harvest-cobb-salad-with-a-honey-apple-cider-vinaigrette-dcb7b3b1\image.jpg,16,6,,,
Chipotle BBQ Chicken Salad with Tomatillo Avocado Ranch,https://carlsbadcravings.com/chipotle-bbq-chicken-salad-with-tomatillo-avocado-rach-dressing-recipe/?utm_source=Pinterest&utm_medium=organic,scraped_recipes\chipotle-bbq-chicken-salad-with-tomatillo-avocado-ranch-2225bd34,scraped_recipes\chipotle-bbq-chicken-salad-with-tomatillo-avocado-ranch-2225bd34\image.jpg,15,3,5,1,
Ham and Cheese Breakfast Quesadilla,https://pitchforkfoodie.com/ham-and-cheese-breakfast-quesadillas/?utm_source=Pinterest&utm_medium=organic,scraped_recipes\ham-and-cheese-breakfast-quesadilla-c6ea0ba8,scraped_recipes\ham-and-cheese-breakfast-quesadilla-c6ea0ba8\image.jpg,5,6,4.9,19,
Italian Pesto Sliders,https://www.simplejoy.com/italian-pesto-sliders/,scraped_recipes\italian-pesto-sliders-0577b7ec,scraped_recipes\italian-pesto-sliders-0577b7ec\image.jpg,7,5,5,15,
One Pan Chicken Fried Rice Recipe,https://nerdymamma.com/one-pan-chicken-fried-rice-recipe/?utm_source=Pinterest&utm_medium=organic,scraped_recipes\one-pan-chicken-fried-rice-recipe-86b43d61,scraped_recipes\one-pan-chicken-fried-rice-recipe-86b43d61\image.jpg,10,8,,,
Honey Mustard Chicken & Potatoes (ONE PAN),https://cafedelites.com/honey-mustard-chicken-potatoes/?utm_source=Pinterest&utm_medium=organic,scraped_recipes\honey-mustard-chicken-potatoes-one-pan-f4eb79f1,scraped_recipes\honey-mustard-chicken-potatoes-one-pan-f4eb79f1\image.jpg,13,5,4.62,113,
One Pan Italian Sausage and Veggies,https://www.chelseasmessyapron.com/one-pan-healthy-italian-sausage-veggies/?utm_source=Pinterest&utm_medium=organic,scraped_recipes\one-pan-italian-sausage-and-veggies-b19a5e29,scraped_recipes\one-pan-italian-sausage-and-veggies-b19a5e29\image.webp,19,7,4.92,128,
Homemade Crockpot Chicken Noodle Soup,https://www.thechunkychef.com/homemade-crockpot-chicken-noodle-soup/?utm_source=Pinterest&utm_medium=organic,scraped_recipes\homemade-crockpot-chicken-noodle-soup-c317a017,scraped_recipes\homemade-crockpot-chicken-noodle-soup-c317a017\image.jpg,15,5,4.8,103,
3 Bean Vegetarian Chili,https://theschmidtywife.com/slow-cooker-vegetarian-chili-recipe/?utm_source=Pinterest&utm_medium=organic,scraped_recipes\3-bean-vegetarian-chili-ed7ba798,scraped_recipes\3-bean-vegetarian-chili-ed7ba798\image.webp,12,3,4.5,267,
Crockpot Tortellini & Sausage Soup (Creamy & Delish!),https://www.instrupix.com/slow-cooker-creamy-sausage-tortellini-soup/?utm_source=Pinterest&utm_medium=organic,scraped_recipes\crockpot-tortellini-sausage-soup-creamy-delish-c1d0eb78,scraped_recipes\crockpot-tortellini-sausage-soup-creamy-delish-c1d0eb78\image.jpg,6,3,,,
Slow Cooker Chicken & Dumplings with Canned Biscuits,https://www.themagicalslowcooker.com/slow-cooker-chicken-and-dumplings/?utm_source=Pinterest&utm_medium=organic,scraped_recipes\slow-cooker-chicken-dumplings-with-canned-biscuits-8216c45c,scraped_recipes\slow-cooker-chicken-dumplings-with-canned-biscuits-8216c45c\image.jpg,13,8,4.38,40,
Slow Cooker Honey Garlic Chicken,https://tipbuzz.com/honey-garlic-chicken/?utm_source=Pinterest&utm_medium=organic,scraped_recipes\slow-cooker-honey-garlic-chicken-98e22f2f,scraped_recipes\slow-cooker-honey-garlic-chicken-98e22f2f\image.jpg,14,8,3.93,228,
Creamy Crockpot White Chicken Chili,https://www.thechunkychef.com/slow-cooker-creamy-white-chicken-chili/?utm_source=Pinterest&utm_medium=organic,scraped_recipes\creamy-crockpot-white-chicken-chili-4433eaaf,scraped_recipes\creamy-crockpot-white-chicken-chili-4433eaaf\image.jpg,22,7,4.79,1577,
Vegetable Paella,https://thealmondeater.com/vegetable-paella/?utm_source=Pinterest&utm_medium=organic,scraped_recipes\vegetable-paella-01f7cbed,scraped_recipes\vegetable-paella-01f7cbed\image.webp,20,4,5,1,
Green Goddess Pasta Salad,https://theviewfromgreatisland.com/green-goddess-pasta-salad/?utm_source=Pinterest&utm_medium=organic,scraped_recipes\green-goddess-pasta-salad-616558be,scraped_recipes\green-goddess-pasta-salad-616558be\image.jpg,15,6,5,2,
Christmas Salad with Honey Mustard Dressing,https://www.halfbakedharvest.com/christmas-salad/?utm_source=Pinterest&utm_medium=organic,scraped_recipes\christmas-salad-with-honey-mustard-dressing-5280462c,scraped_recipes\christmas-salad-with-honey-mustard-dressing-5280462c\image.jpg,18,1,4.99,131,
Veggie Pot Pie Soup: Comfort in a Bowl Without the Crust,https://melissarecipes.com/veggie-pot-pie-soup-comfort-in-a-bowl-without-the-crust/?utm_source=Pinterest&utm_medium=organic,scraped_recipes\veggie-pot-pie-soup-comfort-in-a-bowl-without-the-crust-bada91d7,scraped_recipes\veggie-pot-pie-soup-comfort-in-a-bowl-without-the-crust-bada91d7\image.webp,16,8,,,
Creamy Tomato White Bean Stew,https://www.bakerita.com/creamy-vegan-tomato-white-bean-stew/?utm_source=Pinterest&utm_medium=organic,scraped_recipes\creamy-tomato-white-bean-stew-d3091025,scraped_recipes\creamy-tomato-white-bean-stew-d3091025\image.jpg,13,6,4.92,25,
Mediterranean Roasted Eggplant,https://succulentrecipes.com/mediterranean-roasted-eggplant/,scraped_recipes\mediterranean-roasted-eggplant-eb5b1c9c,scraped_recipes\mediterranean-roasted-eggplant-eb5b1c9c\image.webp,8,14,,,
Hidden Veggie Pasta Sauce,https://scarlatifamilykitchen.com/hidden-vegetable-pasta-sauce/?utm_source=Pinterest&utm_medium=organic,scraped_recipes\hidden-veggie-pasta-sauce-8626cc04,scraped_recipes\hidden-veggie-pasta-sauce-8626cc04\image.jpg,11,7,5,4,
Hidden Veggie Pasta Sauce,https://www.keepingthepeas.com/hidden-veggie-pasta-sauce/?utm_source=Pinterest&utm_medium=organic,scraped_recipes\hidden-veggie-pasta-sauce-7930bd47,scraped_recipes\hidden-veggie-pasta-sauce-7930bd47\image.jpg,17,6,,,
Green Mac and Cheese,https://thishealthytable.com/blog/green-mac-and-cheese/,scraped_recipes\green-mac-and-cheese-6405eab3,scraped_recipes\green-mac-and-cheese-6405eab3\image.jpg,7,5,5,8,
Butternut Squash Pasta Sauce,https://madaboutfood.co/butternut-squash-pasta-sauce/?utm_source=Pinterest&utm_medium=organic,scraped_recipes\butternut-squash-pasta-sauce-e46f81d1,scraped_recipes\butternut-squash-pasta-sauce-e46f81d1\image.webp,9,10,4.93,51,
Asian Edamame Peanut Crunch Salad,https://eatwithclarity.com/asian-edamame-crunch-salad/?utm_source=Pinterest&utm_medium=organic,scraped_recipes\asian-edamame-peanut-crunch-salad-d6424c92,scraped_recipes\asian-edamame-peanut-crunch-salad-d6424c92\image.jpg,18,8,4.99,95,
Vegetarian Chickpea Tikka Masala,https://www.watchwhatueat.com/healthy-chickpea-tikka-masala/?utm_source=Pinterest&utm_medium=organic,scraped_recipes\vegetarian-chickpea-tikka-masala-3f408685,scraped_recipes\vegetarian-chickpea-tikka-masala-3f408685\image.webp,18,12,4.72,38,
Salad with Asian Dressing (High Protein),https://cookingforpeanuts.com/salad-with-asian-dressing/?utm_source=Pinterest&utm_medium=organic,scraped_recipes\salad-with-asian-dressing-high-protein-1b74c621,scraped_recipes\salad-with-asian-dressing-high-protein-1b74c621\image.jpg,14,3,5,18,
Summer Grain Salad,https://www.spicesinmydna.com/summer-grain-salad/?utm_source=Pinterest&utm_medium=organic,scraped_recipes\summer-grain-salad-b816f555,scraped_recipes\summer-grain-salad-b816f555\image.jpg,21,2,,,
Italian Pasta Salad,https://www.loveandlemons.com/italian-pasta-salad/?utm_source=Pinterest&utm_medium=organic,scraped_recipes\italian-pasta-salad-ab58cbf1,scraped_recipes\italian-pasta-salad-ab58cbf1\image.jpg,14,3,4.98,34,
Easy Creamy Coleslaw Recipe,https://www.loveandlemons.com/coleslaw-recipe/?utm_source=Pinterest&utm_medium=organic,scraped_recipes\easy-creamy-coleslaw-recipe-399e6bdc,scraped_recipes\easy-creamy-coleslaw-recipe-399e6bdc\image.jpg,11,3,4.94,131,
Mexican Street Corn Salad,https://www.loveandlemons.com/mexican-street-corn-salad/?utm_source=Pinterest&utm_medium=organic,scraped_recipes\mexican-street-corn-salad-8aa65584,scraped_recipes\mexican-street-corn-salad-8aa65584\image.jpg,11,2,4.95,240,
Chickpea Salad,https://www.loveandlemons.com/chickpea-salad/?utm_source=Pinterest&utm_medium=organic,scraped_recipes\chickpea-salad-2aeea2f1,scraped_recipes\chickpea-salad-2aeea2f1\image.jpg,14,3,4.95,149,
How to Make a Smoothie Bowl,https://themodernproper.com/how-to-make-a-smoothie-bowl,scraped_recipes\how-to-make-a-smoothie-bowl-4a8d2eb4,scraped_recipes\how-to-make-a-smoothie-bowl-4a8d2eb4\image.jpg,10,3,5,5,
Smoothie Bowl Recipe,https://www.budgetbytes.com/how-to-make-smoothie-bowls/,scraped_recipes\smoothie-bowl-recipe-fcc27cea,scraped_recipes\smoothie-bowl-recipe-fcc27cea\image.jpg,7,3,5,3,
My Go-To Smoothie Bowl (5 minutes!),https://minimalistbaker.com/favorite-smoothie-bowl-5-minutes/,scraped_recipes\my-go-to-smoothie-bowl-5-minutes-1aa6a91d,scraped_recipes\my-go-to-smoothie-bowl-5-minutes-1aa6a91d\image.jpg,9,4,4.67,66,
Easy Fruit Salad,https://www.loveandlemons.com/fruit-salad-recipe/,scraped_recipes\easy-fruit-salad-66b20ad6,scraped_recipes\easy-fruit-salad-66b20ad6\image.jpg,9,4,4.85,19,
Chocolate Peanut Butter Smoothie Bowl,https://www.bakerita.com/chocolate-peanut-butter-smoothie-bowl/,scraped_recipes\chocolate-peanut-butter-smoothie-bowl-03d55114,scraped_recipes\chocolate-peanut-butter-smoothie-bowl-03d55114\image.jpg,11,2,5,7,
Perfect Pumpkin Spice Cookies - theamazingfood,https://theamazingfood.com/perfect-pumpkin-spice-cookies-26141/?utm_source=Pinterest&utm_medium=organic,scraped_recipes\perfect-pumpkin-spice-cookies-theamazingfood-0d04ff75,scraped_recipes\perfect-pumpkin-spice-cookies-theamazingfood-0d04ff75\image.webp,16,0,4.7,171,
Orange Cardamom Fig Cake,https://www.rhubarbandlavender.com/orange-cardamom-fig-cake/?utm_source=Pinterest&utm_medium=organic,scraped_recipes\orange-cardamom-fig-cake-ca4a5b1e,scraped_recipes\orange-cardamom-fig-cake-ca4a5b1e\image.jpg,16,9,,,
Pumpkin Miso Caramel Cookies,https://justinesnacks.com/pumpkin-miso-caramel-cookies/,scraped_recipes\pumpkin-miso-caramel-cookies-6f8910fc,scraped_recipes\pumpkin-miso-caramel-cookies-6f8910fc\image.jpg,13,11,5,4,
Brown Butter PB & J Cookies,https://honeyedsundays.com/2022/03/22/brown-butter-pb-j-cookies/,scraped_recipes\brown-butter-pb-j-cookies-b4c171e2,scraped_recipes\brown-butter-pb-j-cookies-b4c171e2\image.webp,10,4,,,
Apple Cider Pound Cake,https://4sonrus.com/apple-cider-pound-cake/?utm_source=Pinterest&utm_medium=organic,scraped_recipes\apple-cider-pound-cake-01e19aa9,scraped_recipes\apple-cider-pound-cake-01e19aa9\image.jpg,10,15,4.79,19,
Apple Upside Down Cake,https://www.meatydelights.net/apple-upside-down-cake/?utm_source=Pinterest&utm_medium=organic,scraped_recipes\apple-upside-down-cake-48863b06,scraped_recipes\apple-upside-down-cake-48863b06\image.webp,12,6,5,1,
Apple Snickerdoodles,https://sturbridgebakery.com/apple-snickerdoodles/?utm_source=Pinterest&utm_medium=organic,scraped_recipes\apple-snickerdoodles-ea40e41c,scraped_recipes\apple-snickerdoodles-ea40e41c\image.jpg,19,9,5,3,
Brown Butter Raspberry Chocolate Chip Cookies,https://www.halfbakedharvest.com/raspberry-chocolate-chip-cookies/?utm_source=Pinterest&utm_medium=organic,scraped_recipes\brown-butter-raspberry-chocolate-chip-cookies-be4f6447,scraped_recipes\brown-butter-raspberry-chocolate-chip-cookies-be4f6447\image.jpg,11,1,4.65,164,
Pistachio Cardamom Pound Cake,https://theviewfromgreatisland.com/pistachio-cardamom-pound-cake/?utm_source=Pinterest&utm_medium=organic,scraped_recipes\pistachio-cardamom-pound-cake-b65a359a,scraped_recipes\pistachio-cardamom-pound-cake-b65a359a\image.jpg,13,9,3.98,135,
Raspberry White Chocolate Cookies,https://stephaniessweets.com/raspberry-white-chocolate-cookies/?utm_source=Pinterest&utm_medium=organic,scraped_recipes\raspberry-white-chocolate-cookies-0f5b0d52,scraped_recipes\raspberry-white-chocolate-cookies-0f5b0d52\image.jpg,12,8,5,50,
Moist Blueberry Buckle Cake with Cinnamon Streusel Topping,https://www.bakeandbacon.com/blueberry-buckle-cake/?utm_source=Pinterest&utm_medium=organic,scraped_recipes\moist-blueberry-buckle-cake-with-cinnamon-streusel-topping-025f17aa,scraped_recipes\moist-blueberry-buckle-cake-with-cinnamon-streusel-topping-025f17aa\image.jpg,12,9,4.96,87,
Espresso Chocolate Chip Cookies,https://cambreabakes.com/espresso-chocolate-chip-cookies-recipe/?utm_source=Pinterest&utm_medium=organic,scraped_recipes\espresso-chocolate-chip-cookies-0f66084d,scraped_recipes\espresso-chocolate-chip-cookies-0f66084d\image.jpg,11,8,4.98,115,
Coconut Cookies,https://www.crunchycreamysweet.com/coconut-cookies/?utm_source=Pinterest&utm_medium=organic,scraped_recipes\coconut-cookies-b2cfd5da,scraped_recipes\coconut-cookies-b2cfd5da\image.jpg,10,11,4.8,10,
Cardamom Sugar Cookies,https://theviewfromgreatisland.com/cardamom-sugar-cookies/?utm_source=Pinterest&utm_medium=organic,scraped_recipes\cardamom-sugar-cookies-eea76a01,scraped_recipes\cardamom-sugar-cookies-eea76a01\image.webp,6,9,4.83,23,
Tiramisu,https://tastesbetterfromscratch.com/easy-tiramisu/,scraped_recipes\tiramisu-aa77e9ad,scraped_recipes\tiramisu-aa77e9ad\image.jpg,8,4,4.97,7114,
Tablespoon Italian Lemon Cake,https://anitalianinmykitchen.com/lemon-cake/?utm_source=Pinterest&utm_medium=organic,scraped_recipes\tablespoon-italian-lemon-cake-82a6eb40,scraped_recipes\tablespoon-italian-lemon-cake-82a6eb40\image.jpg,9,6,4.32,504,
Salted Honey Pistachio Cookies,https://cookiesandcups.com/salted-honey-pistachio-cookies/?utm_source=Pinterest&utm_medium=organic,scraped_recipes\salted-honey-pistachio-cookies-e1189824,scraped_recipes\salted-honey-pistachio-cookies-e1189824\image.jpg,12,7,5,34,
Cardamom Bundt Cake,https://vintagekitchennotes.com/cardamom-bundt-cake-saffron/?utm_source=Pinterest&utm_medium=organic,scraped_recipes\cardamom-bundt-cake-bb0e2ea6,scraped_recipes\cardamom-bundt-cake-bb0e2ea6\image.jpg,11,12,5,5,
Lemon Curd Thumbprint Cookies,https://pastryandbeyond.com/ginger-thumbprint-cookies-lemon-curd/?utm_source=Pinterest&utm_medium=organic,scraped_recipes\lemon-curd-thumbprint-cookies-78f7c22f,scraped_recipes\lemon-curd-thumbprint-cookies-78f7c22f\image.jpg,8,7,4.96,188,
Blueberry Sour Cream Muffins,https://farmettekitchen.com/blueberry-sour-cream-muffins/?utm_source=Pinterest&utm_medium=organic,scraped_recipes\blueberry-sour-cream-muffins-00edb192,scraped_recipes\blueberry-sour-cream-muffins-00edb192\image.jpg,10,11,,,
Dark Chocolate Pistachio Tahini Cookies,https://infinetaste.com/dark-chocolate-pistachio-tahini-cookies/,scraped_recipes\dark-chocolate-pistachio-tahini-cookies-fb87f4ae,scraped_recipes\dark-chocolate-pistachio-tahini-cookies-fb87f4ae\image.jpg,11,6,4.49,160,
Banana Bread,https://www.simplyrecipes.com/recipes/banana_bread/,scraped_recipes\banana-bread-7e5ea1d3,scraped_recipes\banana-bread-7e5ea1d3\image.jpg,8,6,4.8,2160,
Chai Cookies,https://inbloombakery.com/chai-cookies/?utm_source=Pinterest&utm_medium=organic,scraped_recipes\chai-cookies-4b21f932,scraped_recipes\chai-cookies-4b21f932\image.jpg,23,12,4.94,319,
Jam Thumbprint Cookies,https://www.spendwithpennies.com/jam-thumbprint-cookies/?utm_source=Pinterest&utm_medium=organic,scraped_recipes\jam-thumbprint-cookies-3ccbe902,scraped_recipes\jam-thumbprint-cookies-3ccbe902\image.jpg,11,10,4.98,49,
Chocolate Crinkle Cookies,https://preppykitchen.com/chocolate-crinkle-cookies/,scraped_recipes\chocolate-crinkle-cookies-00f746e7,scraped_recipes\chocolate-crinkle-cookies-00f746e7\image.jpg,9,7,4.97,1107,
